{
  "0,1": [
    -0.16607945791571324,
    -0.2049605894761187,
    -0.20377234727910598,
    -0.20402223205290904,
    -0.20388932424448897,
    -0.2057735039497654,
    -0.20076646879995907,
    -0.2038713512408728,
    -0.20448623951903427,
    -0.20393615858856945,
    -0.2044823718770758
  ],
  "1,1": [
    -0.001975,
    -0.019969848361393466,
    -0.020895053891103063,
    0.0,
    0.0,
    0.0,
    0.0,
    0.0,
    0.0,
    0.0,
    0.0
  ],
  "2,1": [
    -0.00255,
    -0.01967754850199276,
    0.0,
    0.0,
    0.0,
    0.0,
    0.0,
    0.0,
    0.0,
    0.0,
    0.0
  ]
}